paper_id,year,title,countries,affiliations_raw
2008-saqr-shall-migraine-considered-simple-benign,2008,Shall Migraine be Considered a Simple Benign Headache Disorder?,Saudi Arabia,Qassim University
2017-saqr-assessment-analytics-missing-step,2017,Assessment analytics: The missing step.,Saudi Arabia,Qassim University
2017-saqr-big-data-emerging-ethical-challenges,2017,Big data and the emerging ethical challenges.,Saudi Arabia,Qassim University
2017-saqr-learning-analytics-early-predict-under,2017,How learning analytics can early predict under-achieving students in a blended medical education course,Saudi Arabia; Sweden; Finland,"College of Medicine, Qassim University, Qassim, Saudi Arabia; Department of Computer and System Sciences (DSV), Stockholm University, Kista, Sweden; School of Computing, University of Eastern Finland, PO Box 111, Joensuu, Finland"
2018-saqr-literature-review-empirical-research-learning,2018,A literature review of empirical research on learning analytics in medical education.,Saudi Arabia,Qassim University
2018-saqr-social-network-analysis-used-monitor,2018,How social network analysis can be used to monitor online collaborative learning and guide an informed intervention,Sweden; Saudi Arabia; Finland,"Department of Computer and System Sciences (DSV), Stockholm University, Kista, Stockholm, Sweden; Qassim University, College of Medicine, Qassim, Melida, Saudi Arabia; School of Computing, University of Eastern Finland, Joensuu, Finland"
2018-saqr-study-online-collaborative-learning-guide,2018,How the study of online collaborative learning can guide teachers and predict students’ performance in a medical course,Saudi Arabia; Sweden; Finland,"College of Medicine, Qassim University, PO Box: 6655, Qassim, 51452, Saudi Arabia; Department of Computer and System Sciences (DSV), Stockholm University, Borgarfjordsgatan 12, Kista, SE-164 07, Sweden; School of Computing, University of Eastern Finland, PO Box 111, Joensuu, Finland"
2018-saqr-using-social-network-analysis-understand,2018,Using social network analysis to understand online Problem-Based Learning and predict performance,Sweden,"Department of Computer and System Sciences (DSV), Stockholm University, Kista, Stockholm, Sweden"
2019-alsuhaibani-research-education-undergraduate-curriculum-students,2019,Research education in an undergraduate curriculum: Students perspective.,Saudi Arabia,Qassim University
2019-nouri-bachelor-thesis-analytics-using-machine,2019,Bachelor Thesis Analytics: Using Machine Learning to Predict Dropout and Identify Performance Factors,Sweden,Stockholm University
2019-nouri-efforts-europe-data-driven-improvement,2019,Efforts in Europe for Data-Driven Improvement of Education – A Review of Learning Analytics Research in Seven Countries,Sweden,Stockholm University
2019-nouri-identifying-factors-master-thesis-completion,2019,Identifying Factors for Master Thesis Completion and Non-completion Through Learning Analytics and Machine Learning,Sweden; Finland,"Stockholm University, Stockholm, Sweden; University of Eastern Finland, Joensuu, Finland"
2019-nouri-predicting-performance-students-flipped-classroom,2019,Predicting performance of students in a flipped classroom using machine learning: Towards automated data-driven formative feedback,Sweden,"Department of Computer and Systems Sciences, Stockholm University, Stockholm, Sweden"
2019-saqr-learning-analytics-study-effect-group,2019,A Learning Analytics Study of the Effect of Group Size on Social Dynamics and Performance in Online Collaborative Learning,Finland; Sweden,"University of Eastern Finland, Joensuu, Finland; Stockholm University, Stockholm, Sweden"
2019-saqr-role-social-network-analysis-learning,2019,The role of social network analysis as a learning analytics tool in online problem based learning,Finland; Sweden; Saudi Arabia,"School of Computing, University of Eastern Finland, Joensuu Campus, Yliopistokatu 2, P.O. Box 111, Joensuu, fi-80100, Finland; Department of Computer and System Sciences (DSV), Stockholm University, Borgarfjordsgatan 12, PO Box 7003, Kista, SE-164 07, Sweden; College of Medicine, Qassim University, Qassim, Saudi Arabia"
2019-saqr-should-teach-computational-thinking-big,2019,Should we teach computational thinking and big data principles to medical students?,Sweden; Finland,Stockholm University; University of Eastern Finland
2019-saqr-time-focus-temporal-dimension-learning,2019,Time to focus on the temporal dimension of learning: a learning analytics study of the temporal patterns of students' interactions and self-regulation,Sweden,"Department of Computer and System Sciences (DSV), Stockholm University, Borgarfjordsgatan 12 PO Box 7003, Kista, SE-164 07, Sweden"
2019-schobel-research-agenda-why-what-gamification,2019,"A Research Agenda for the Why, What, and How of Gamification Designs: Outcomes of an ECIS 2019 Panel",Germany; Canada; Finland; United States; Denmark; Switzerland,"University of Kassel, Germany; University of Siegen, Germany; Ryerson University, Canada; University of Eastern Finland, Finland; University of South Carolina, United States; TU Darmstadt, Germany; Copenhagen Business School, Denmark; University of Göttingen, Germany; University of St.Gallen, Switzerland"
2020-bergdahl-learning-analytics-blended-learning-systematic,2020,"Learning Analytics for Blended Learning: A Systematic Review of Theory, Methodology, and Ethical Considerations",Sweden,Stockholm University
2020-peeters-applying-learning-analytics-map-students,2020,Applying learning analytics to map students' self-regulated learning tactics in an academic writing course,Japan; Belgium; Finland; Sweden,"Kanda University of International Studies, Japan; University of Antwerp, Belgium; University of Eastern Finland, Finland; KTH Royal Institute of Technology, Sweden"
2020-saqr-capturing-participation-social-dimensions-computer,2020,Capturing the participation and social dimensions of computer-supported collaborative learning through social network analysis: which method and measures matter?,Finland; Sweden,"School of Computing, University of eastern Finland, Joensuu campus, Yliopistokatu 2, Joensuu, fi-80100, Finland; Department of Computer and System Sciences (DSV), Stockholm University, Borgarfjordsgatan 12, PO Box 7003, Kista, SE-164 07, Sweden; EECS - School of Electrical Engineering and Computer Science, KTH Royal Institute of Technology, Lindstedtsvägen 3, Stockholm, SE-100 44, Sweden; School of Applied Educational Science and Teacher Education, University of Eastern Finland, Joensuu, Yliopistokatu 2, Joensuu, fi-80100, Finland"
2020-saqr-covid-lost-opportunities-lessons-future,2020,COVID-19: Lost opportunities and lessons for the future.,Norway; Finland,University of Bergen; University of Eastern Finland
2020-saqr-high-resolution-temporal-network-analysis,2020,High resolution temporal network analysis to understand and improve collaborative learning,Finland; Sweden,"School of Computing, University of Eastern Finland, Joensuu, Finland; Department of Computer and Systems Science, Stockholm University, Stockholm, Sweden"
2020-saqr-learning-social-networks-similarities-differences,2020,"Learning and Social Networks - Similarities, Differences and Impact",Finland,"University of Eastern Finland, School of Computing, Joensuu, Finland; University of Eastern Finland, School of Educational Sciences and Psychology, Joensuu, Finland"
2020-saqr-multimodal-temporal-network-analysis-improve,2020,Multimodal temporal network analysis to improve learner support and teaching,Finland; Sweden,"University of Eastern Finland, Finland; KTH Royal Institute of Technology, Sweden; Stockholm University, Sweden"
2020-saqr-robustness-rich-clubs-collaborative-learning,2020,Robustness and rich clubs in collaborative learning groups: a learning analytics study using network science,Finland; Sweden,"School of Computing, University of Eastern Finland, Joensuu, Yliopistokatu 2, Joensuu, 80100, Finland; Stockholm University - Department of Computer and System Sciences (DSV), Borgarfjordsgatan 12, Kista, PO Box 7003, Stockholm, 164 07, Sweden; University of Eastern Finland, School of Applied Educational Science and Teacher Education, Joensuu, Yliopistokatu 2, Joensuu, 80100, Finland"
2020-saqr-tear-down-walls-disseminating-open,2020,Tear down the walls: Disseminating open access research for a global impact.,Saudi Arabia; Finland,Qassim University; University of Eastern Finland
2020-saqr-using-diffusion-network-analytics-examine,2020,Using Diffusion Network Analytics to Examine and Support Knowledge Construction in CSCL Settings,Finland; Sweden,"University of Eastern Finland, Joensuu, 80100, Finland; KTH Royal Institute of Technology, Stockholm, 100 44, Sweden"
2020-saqr-what-makes-online-problem-based,2020,What makes an online problem-based group successful? A learning analytics study using social network analysis,Finland; Sweden,"University of Eastern Finland, School of Computing, Joensuu Campus, Yliopistokatu 2, Joensuu, fi-80100, Finland; Department of Computer and System Sciences (DSV), Stockholm University, Borgarfjordsgatan 12, Stockholm, SE-164 07, Sweden; University of Eastern Finland, School of Applied Educational Science and Teacher Education, Joensuu, Yliopistokatu 2, Joensuu, fi-80100, Finland; Department of Educational Sciences and Teacher Education, Faculty of Education, University of Oulu, P.O. Box 2000, Oulu, Finland"
2021-apiola-scientometric-journey-through-fie-bookshelf,2021,A Scientometric Journey Through the FIE Bookshelf: 1982-2020,Finland; Spain,"University of Turku, Department of Computing, Finland; University of Eastern Finland, School of Computing, Finland; Universidad Politécnica de Madrid, Departamento de Ingeniería de Sistemas Telemáticos, Spain"
2021-bermo-utility-spect-functional-neuroimaging-pain,2021,Utility of SPECT Functional Neuroimaging of Pain,United States; Finland; Sweden,"Virginia Tech Carilion School of Medicine, Roanoke, VA, United States; School of Computing, University of Eastern Finland, Joensuu Campus, Joensuu, Finland; EECS - School of Electrical Engineering and Computer Science, Media Technology Interaction Design, KTH Royal Institute of Technology, Stockholm, Sweden; University of Washington, Seattle, WA, United States; The University of Utah, Salt Lake City, UT, United States"
2021-jovanovic-students-matter-most-learning-analytics,2021,Students matter the most in learning analytics: The effects of internal and instructional conditions in predicting academic success,Serbia; Finland; Sweden; Australia; United Kingdom; Saudi Arabia,"Faculty of Organizational Sciences, University of Belgrade, Jove Ilića 154, Belgrade, 11000, Serbia; School of Computing, University of Eastern Finland, Joensuu Campus, Yliopistokatu 2, P.O. Box 111, Joensuu, fi-80100, Finland; EECS - School of Electrical Engineering and Computer Science, Media Technology & Interaction Design, KTH Royal Institute of Technology, Lindstedtsvägen 3, Stockholm, SE-100 44, Sweden; Education Futures, University of South Australia, City West Campus, 160 Currie Street, Adelaide, 5000, South Australia, Australia; Centre for Learning Analytics at Monash, Faculty of Information Technology, Monash University, 29 Ancora Imparo Way, Clayton, 3800, VIC, Australia; School of Informatics, University of Edinburgh, 10 Crichton Street, EH8 9AB, United Kingdom; Faculty of Computing and Information Technology, King Abdulaziz University, Saudi Arabia"
2021-lopezpernas-bringing-synchrony-clarity-complex-multi,2021,Bringing Synchrony and Clarity to Complex Multi-Channel Data: A Learning Analytics Study in Programming Education,Spain; Finland,"Departamento de Sistemas Informáticos, ETSI Sistemas Informáticos, Universidad Politécnica de Madrid, Madrid, Spain; School of Computing, University of Eastern Finland, Joensuu, Finland"
2021-lopezpernas-putting-all-together-combining-learning,2021,Putting It All Together: Combining Learning Analytics Methods and Data Sources to Understand Students’ Approaches to Learning Programming,Spain; Finland; Sweden,"Departamento de Ingeniería de Sistemas Telemáticos, ETSI Telecomunicación, Universidad Politécnica de Madrid, Avda. Complutense 30, Madrid, 28003, Spain; School of Computing, University of Eastern Finland, Yliopistokatu 2, Joensuu, FI‐80100, Finland; EECS‐School of Electrical Engineering and Computer Science, KTH Royal Institute of Technology, Lindstedtsvägen 3, Stockholm, SE‐100 44, Sweden"
2021-poquet-recommendations-network-research-learning-analytics,2021,Recommendations for network research in learning analytics: To open a conversation,Australia; Finland; United States,"Centre for Change and Complexity in Learning (C3L), University of South Australia, Australia; University of Eastern Finland, Finland; University of Minnesota, United States"
2021-poquet-using-network-science-learning-analytics,2021,Using network science in learning analytics: Building bridges towards a common agenda,Australia; United States; Finland; Germany,"Centre for Change and Complexity in Learning (C3L), University of South Australia, Australia; University of Minnesota, United States; University of Eastern Finland, Finland; German Aerospace Center, Germany"
2021-saqr-dire-cost-early-disengagement-four,2021,The Dire Cost of Early Disengagement: A Four-Year Learning Analytics Study over a Full Program,Sweden; Finland; Spain,"KTH Royal Institute of Technology, Stockholm, Sweden; University of Eastern Finland, Joensuu, Finland; Universidad Politécnica de Madrid, Madrid, Spain"
2021-saqr-idiographic-learning-analytics-definition-case,2021,Idiographic learning analytics: A definition and a case study,Finland; Spain,"University of Eastern Finland, School of Computing, Joensuu, Finland; Universidad Politécnica de Madrid, ETSI Telecomunicación, Madrid, Spain"
2021-saqr-idiographic-learning-analytics-single-student,2021,Idiographic learning analytics: A single student (N=1) approach using psychological networks,Sweden; Finland; Spain,"KTH Royal Institute of Technology, Stockholm, Sweden; University of Eastern Finland, Joensuu, Finland; Universidad Politécnica de Madrid, Madrid, Spain"
2021-saqr-longitudinal-trajectories-online-engagement-over,2021,The longitudinal trajectories of online engagement over a full program,Sweden; Finland; Spain,"KTH Royal Institute of Technology, EECS - School of Electrical Engineering and Computer Science, Lindstedtsvägen 3, SE-100 44 Stockholm, Sweden; University of Eastern Finland, School of Computing, Joensuu, Yliopistokatu 2, Joensuu, fi-80100, Finland; Universidad Politécnica de Madrid, ETSI Telecomunicación, Departamento de Ingeniería de Sistemas Telemáticos, Avda. Complutense 30, Madrid, 28040, Spain"
2021-saqr-modelling-diffusion-computer-supported-collaborative,2021,Modelling diffusion in computer-supported collaborative learning: a large scale learning analytics study,Finland; Spain,"School of Computing, University of Eastern Finland, Joensuu Campus, Yliopistokatu 2, Joensuu, fi-80100, Finland; Departamento de Sistemas Informáticos, ETSI Sistemas Informáticos, Universidad Politécnica de Madrid, c/ Alan Turing s/n, Madrid, 28031, Spain"
2021-saqr-networking-social-capital-influence-performance,2021,How Networking and Social Capital Influence Performance: The Role of Long-Term Ties,Finland; Sweden; Saudi Arabia,"University of Eastern Finland, Joensuu, Finland; Stockholm University, Stockholm, Sweden; KTH Royal Institute of Technology, Stockholm, Sweden; Qassim University, Melida, Saudi Arabia"
2021-saqr-people-ideas-milestones-scientometric-study,2021,"People, Ideas, Milestones: A Scientometric Study of Computational Thinking",Sweden; Finland; Ireland,KTH Royal Institute of Technology; Luleå University of Technology; University of Eastern Finland; University of Limerick
2021-saqr-relational-temporal-contemporaneous-longitudinal-dynamics,2021,"The relational, co-temporal, contemporaneous, and longitudinal dynamics of self-regulation for academic writing",Finland; Sweden; Belgium; Japan,"School of Computing, University of Eastern Finland, Joensuu Campus, Vliopistokatu 2, P.O. Box 111, Joensuu, 80101, Finland; EECS - School of Electrical Engineering and Computer Science, KTH Royal Institute of Technology, Lindstedtsvägen 3, Stockholm, 100 44, Sweden; University of Antwerp, Prinsstraat 13, Antwerpen, 2000, Belgium; Kanda University of International Studies, 1 Chome-4-1 Wakaba, Mihama Ward, Chiba, 261-0014, Japan"
2021-saqr-toward-self-big-data,2021,Toward self big data.,Sweden; Spain,KTH Royal Institute of Technology; Technical University of Madrid
2021-saqr-trajectory-early-disengagement-longitudinal-learning-2,2021,The trajectory of early disengagement: A longitudinal learning analytics study over a full program,Sweden; Spain,KTH Royal Institute of Technology; Technical University of Madrid
2021-saqr-trajectory-early-disengagement-longitudinal-learning,2021,The trajectory of early disengagement: A longitudinal learning analytics study over a full program,Sweden; Spain,KTH Royal Institute of Technology; Technical University of Madrid
2021-saqr-using-psychological-networks-reveal-interplay,2021,Using psychological networks to reveal the interplay between foreign language students' self-regulated learning tactics,Sweden; Japan; Finland,"KTH Royal Institute of Technology, Lindstedsvägen 3, Stockholm, 10044, Sweden; Kanda University of International Studies, 1-4-1, Wakaba, Mihama-ku, Chiba-shi, Chiba-ken, Japan; University of Eastern Finland, Joensuu, FI-80100, Finland"
2021-schobel-two-decades-game-concepts-digital,2021,Two decades of game concepts in digital learning environments – A bibliometric study and research agenda,Germany; Finland; Switzerland; Sweden,"University of Kassel, Information Systems, Research Center for IS Design (ITeG), Pfannkuchstraße 1, Kassel, 34121, Germany; School of Computing, University of Eastern Finland, Joensuu Campus, Yliopistokatu 2, P.O. Box 111, Joensuu, fi-80100, Finland; University of St. Gallen, Institute of Information Management, Müller Friedbergstrasse 8, St. Gallen, 9000, Switzerland; School of Electrical Engineering and Computer Science, Media Technology & Interaction Design, KTH Royal Institute of Technology, Lindstedtsvägen 3, Stockholm, SE-100 44, Sweden"
2022-apiola-computing-education-research-compiled-keyword,2022,"Computing Education Research Compiled: Keyword Trends, Building Blocks, Creators, and Dissemination",Finland; Spain,"Department of Computing, University of Turku, Turku, Finland; School of Computing, University of Eastern Finland, Joensuu, Finland; Departamento de Sistemas Informáticos, ETSI Sistemas Informáticos, Universidad Politécnica de Madrid, Madrid, Spain"
2022-apiola-evolving-themes-computing-education-research,2022,"The Evolving Themes of Computing Education Research: Trends, Topic Models, and Emerging Research",Spain; Finland,Technical University of Madrid; University of Eastern Finland; University of Turku
2022-apiola-hands-authors-collaboration,2022,Hands: Authors and Collaboration,Spain; Finland,Technical University of Madrid; University of Eastern Finland; University of Turku
2022-apiola-national-meeting-international-conference-scientometric,2022,From a National Meeting to an International Conference: A Scientometric Case Study of a Finnish Computing Education Conference,Finland; Spain; Sweden,"University of Turku, Department of Computing, Turku, 20500, Finland; Universidad Politécnica de Madrid, ETSI Sistemas Informáticos, Departamento de Sistemas Informáticos, Madrid, 28031, Spain; University of Eastern Finland, School of Computing, Joensuu, 80101, Finland; KTH Royal Institute of Technology, School of Industrial Technology and Management, Stockholm, 10044, Sweden; Uppsala University, Department of Information Technology, Uppsala, 75105, Sweden; Aalto University, Department of Computer Science, Aalto, 00076, Finland"
2022-conde-addressing-complexity-online-education-learning,2022,Addressing the complexity of online education: A learning analytics and big data perspective,Spain; Finland; Serbia,"University of León, Engineering School, Campus de Vegazana S/N, León, 24071, Spain; University of Eastern Finland, Yliopistokatu-2, Joensuu, 80100, Finland; Belgrade Metropolitan University, Faculty of Information Technology, Tadeuša Košćuška 63, Belgrade, 11000, Serbia"
2022-elmoazen-social-interactions-kindle-productive-online,2022,How social interactions kindle productive online problem-based learning: An exploratory study of the temporal dynamics,Finland,"School of Computing, University of Eastern Finland, Joensuu, Finland; School of Applied Educational Science and Teacher Education, University of Eastern Finland, Joensuu, Finland"
2022-elmoazen-systematic-literature-review-empirical-research,2022,A Systematic Literature Review of Empirical Research on Epistemic Network Analysis in Education,Finland,"School of Computing, University of Eastern Finland, Joensuu, Finland; School of Applied Educational Science and Teacher Education, University of Eastern Finland, Joensuu, Finland"
2022-heikkinen-business-students-self-regulate-their,2022,How do business students self-regulate their project management learning? A sequence mining study,Finland,"Faculty of Science and Forestry, School of Computing, University of Eastern Finland, Joensuu, Finland; LAB University of Applied Sciences, Lahti, Finland; Department of Educational Sciences and Teacher Education, The University of Oulu, Oulu, Finland"
2022-heikkinen-supporting-self-regulated-learning-learning,2022,Supporting self-regulated learning with learning analytics interventions – a systematic literature review,Finland,University of Eastern Finland; University of Oulu
2022-hirsto-bridging-education-learning-analytics-challenges-2,2022,Bridging Education Learning Analytics and AI: Challenges of the Present and Thoughts for the Future,Finland,"School of Applied Educational Science and Teacher Education, University of Eastern Finland, Joensuu, Finland; School of Computing, University of Eastern Finland, Joensuu, Finland; School of Educational Sciences and Psychology/Special Education, University of Eastern Finland, Joensuu, Finland"
2022-hirsto-bridging-education-learning-analytics-challenges,2022,Bridging Education Learning Analytics and AI: Challenges of the Present and Thoughts for the Future,Finland,"School of Applied Educational Science and Teacher Education, University of Eastern Finland, Joensuu, Finland; School of Computing, University of Eastern Finland, Joensuu, Finland; School of Educational Sciences and Psychology/Special Education, University of Eastern Finland, Joensuu, Finland"
2022-hirsto-systematic-narrative-review-learning-analytics,2022,A systematic narrative review of learning analytics research in K-12 and schools,Finland,"School of Computing, University of Eastern Finland, Joensuu, Finland; School of Applied Educational Science and Teacher Education, University of Eastern Finland, Joensuu, Finland"
2022-ismail-quantitative-synthesis-eight-decades-global,2022,A Quantitative Synthesis of Eight Decades of Global Multiple Sclerosis Research Using Bibliometrics,Kuwait; Finland,"Department of Neurology, Ibn Sina Hospital, Kuwait City, Kuwait; School of Computing, University of Eastern Finland, Joensuu, Finland"
2022-lopezpernas-scientometric-perspective-evolution-sigcse-technical,2022,A Scientometric Perspective on the Evolution of the SIGCSE Technical Symposium: 1970-2021,Sweden; Spain; Finland,KTH Royal Institute of Technology; Technical University of Madrid; University of Eastern Finland; University of Turku
2022-lopezpernas-scientometrics-concise-introduction-detailed-methodology,2022,Scientometrics: A Concise Introduction and a Detailed Methodology for the Mapping of the Scientific Field of Computing Education,Spain; Finland,Technical University of Madrid; University of Eastern Finland; University of Turku
2022-malmberg-modeling-complex-interplay-between-monitoring,2022,Modeling the Complex Interplay Between Monitoring Events for Regulated Learning with Psychological Networks,Finland; Netherlands,"University of Oulu, Oulu, Finland; University of Eastern Finland, School of Computing, Joensuu, Finland; Maastricht University, Maastricht, Netherlands"
2022-malmberg-monitoring-events-individual-students-associated,2022,How the Monitoring Events of Individual Students Are Associated With Phases of Regulation,Finland,"Department of Educational Sciences and Teacher Education, Learning and Educational Technology Research Unit (LET), Pentti Kaiteran katu 1, P.O. Box 8000, Oulu, Finland; University of Eastern Finland, School of Computing, Joensuu, Yliopistokatu 2, Joensuu, fi-80100, Finland"
2022-merikko-opt-opt-out-predicting-student,2022,To Opt in or to Opt Out? Predicting Student Preference for Learning Analytics-Based Formative Feedback,Finland; Ireland,"University of Helsinki, Faculty of Educational Sciences, Department of Education, Helsinki, 00014, Finland; University of Eastern Finland, Philosophical Faculty, School of Educational Sciences and Psychology, Joensuu, 80101, Finland; University of Limerick, Physical Activity for Health Research Cluster, Department of Physical Education and Sport Sciences, Limerick, V94 T9PX, Ireland; University of Eastern Finland, Faculty of Science and Forestry, School of Computing, Joensuu, 80101, Finland"
2022-nissinen-assessment-analytics-help-improve-reliability,2022,"How assessment analytics can help to improve reliability, efficiency, and fairness of entrance examinations",Finland,"Faculty of Social Sciences and Business Studies, Law School, University of Eastern Finland, Joensuu, Finland; Faculty of Science and Forestry, School of Computing, University of Eastern Finland, Joensuu, Finland"
2022-saqr-computing-education-research-social-media,2022,"Computing Education Research in Social Media, News, Blogs, Patents And Blogs: Capturing The Impact And The Chatter with Altmetrics",Spain; Finland,Technical University of Madrid; University of Eastern Finland; University of Turku
2022-saqr-concluding-remarks-netscila22-workshop,2022,Concluding remarks of the NetSciLA22 Workshop,Finland; Spain; Australia,"University of Eastern Finland, Yliopistokatu 2, Joensuu, 80110, Finland; Universidad Politécnica de Madrid, Av. Complutense 30, Madrid, 28040, Spain; University of León, Campus de Vegazana s/n, León, 24071, Spain; University of South Australia, City West Campus, Adelaide, 5000, Australia"
2022-saqr-cscl-roles-emerge-persist-transition,2022,"How CSCL roles emerge, persist, transition, and evolve over time: A four-year longitudinal study",Finland; Spain,"University of Eastern Finland, School of Computing, Joensuu, Yliopistokatu 2, Joensuu, fi-80100, Finland; Universidad Politécnica de Madrid, ETSI Sistemas Informáticos, Departamento de Sistemas Informáticos, C/ Alan Turing s/n, Madrid, 28031, Spain"
2022-saqr-curious-case-centrality-measures-large,2022,The Curious Case of Centrality Measures: A Large-Scale Empirical Investigation,Finland; Spain,"School of Computing, University of Eastern Finland, Joensuu Campus, Yliopistokatu 2, P.O. Box 111, Joensuu, fi-80100, Finland; Departamento de Sistemas Informáticos, ETSI Sistemas Informáticos, Universidad Politécnica de Madrid, c/ Alan Turing, s/n, Madrid, 28031, Spain"
2022-saqr-gdpr-failing-tale-many-challenges,2022,"Is GDPR failing? a tale of the many challenges in interpretations, applications, and enforcement.",Finland,University of Eastern Finland
2022-saqr-instant-distant-temporal-network-tale,2022,Instant or Distant: A Temporal Network Tale of Two Interaction Platforms and Their Influence on Collaboration,Finland; Spain,"University of Eastern Finland, Joensuu, Finland; Universidad Politécnica de Madrid, Madrid, Spain"
2022-saqr-networks-education-travelogue-through-five,2022,Networks in Education: A Travelogue Through Five Decades,Finland; Australia; France; Spain,"School of Computing, University of Eastern Finland, Joensuu Campus, Joensuu, 80100, Finland; Centre for Change and Complexity in Learning (C3L), University of South Australia, Adelaide, 5072, SA, Australia; Center for Research and Interdisciplinarity (CRI), University of Paris and INSERM1284, Paris, 75007, France; Departamento de Sistemas Informáticos, Etsi Sistemas Informáticos, Universidad Politécnica de Madrid, Madrid, 28031, Spain"
2022-saqr-networks-learning-analytics-addressing-educational,2022,Networks and Learning Analytics: Addressing Educational Challenges,Finland; Spain; Australia,"University of Eastern Finland, Yliopistokatu 2, Joensuu, 80100, Finland; Univerisidad Politécnica de Madrid, Av. Complutense 30, Madrid, 28040, Spain; University of León, Campus de Vegazana s/n, León, 24071, Spain; University of South Australia, City West Campus, Adelaide, 5000, Australia"
2022-saqr-teachers-learning-profiles-learning-programming,2022,Teachers’ Learning Profiles in Learning Programming: The Big Picture!,Finland,"School of Computing, University of Eastern Finland, Joensuu, Finland; Valamis Group Ltd, Joensuu, Finland; School of Applied Educational Science and Teacher Education, University of Eastern Finland, Joensuu, Finland; Special Education, School of Educational Sciences and Psychology, University of Eastern Finland, Joensuu, Finland"
2022-saqr-temporal-networks-collaborative-learning-case,2022,Temporal networks in collaborative learning: A case study,Finland; Belgium; Japan,"School of Computing, University of Eastern Finland, Joensuu, Finland; University of Antwerp, Antwerpen, Belgium; Kanda University of International Studies, Chiba, Japan"
2022-saqr-there-order-mess-single-paper,2022,Is there order in the mess? A single paper meta-analysis approach to identification of predictors of success in learning analytics,Finland; Serbia; Sweden; Australia; United Kingdom,"School of Computing, University of Eastern Finland, Joensuu, Finland; University of Belgrade, Belgrade, Serbia; EECS - School of Electrical Engineering and Computer Science, KTH Royal Institute of Technology, Stockholm, Sweden; Faculty of Education, School of Informatics, Monash University, Clayton, Australia; University of Edinburgh, Edinburgh, United Kingdom"
2022-saqr-well-centrality-measures-capture-student,2022,How well centrality measures capture student achievement in computer-supported collaborative learning? – A systematic review and meta-analysis,Finland; Spain,"University of eastern Finland, School of Computing, Joensuu, Yliopistokatu 2, fi, Joensuu, 80100, Finland; University of eastern Finland, Philosophical Faculty, School of Applied Educational Science and Teacher Education, Yliopistokatu 2, fi, Joensuu, 80100, Finland; Departamento de Sistemas Informáticos, Universidad Politécnica de Madrid, ETSI Sistemas Informáticos, c/ Alan Turing, s/n, Madrid, 28031, Spain"
2022-saqr-why-what-model-dynamic-relational,2022,"The Why, the What and the How to Model a Dynamic Relational Learning Process with Temporal Networks",Finland; Spain,"University of Eastern Finland, Joensuu, Finland; Universidad Politécnica de Madrid, Madrid, Spain"
2022-sointu-learning-analytics-flipped-learning-online,2022,Learning analytics and flipped learning in online teaching for supporting preservice teachers’ learning of quantitative research methods,Finland,University of Eastern Finland
2022-tormanen-person-centered-approach-study-students,2022,A Person-Centered Approach to Study Students’ Socio-Emotional Interaction Profiles and Regulation of Collaborative Learning,Finland,"Learning and Educational Technology Research Unit, Faculty of Education, University of Oulu, Oulu, Finland; School of Computing, University of Eastern Finland, Joensuu, Finland"
2022-tyni-games-rewards-scientometric-study-rewards,2022,Games and Rewards: A Scientometric Study of Rewards in Educational and Serious Games,Finland; Spain,"School of Computing, University of Eastern Finland, Joensuu, 80101, Finland; Departamento de Sistemas Informáticos, ETSI Sistemas Informáticos, Universidad Politécnica de Madrid, Madrid, 28040, Spain; School of Applied Educational Science and Teacher Education, University of Eastern Finland, Joensuu, 80101, Finland"
2022-valtonen-nature-building-blocks-educational-technology,2022,The nature and building blocks of educational technology research,Finland; Spain,"University of Eastern Finland, School of Applied Educational Science and Teacher Education, Philosophical Faculty, Finland; Departamento de Sistemas Informáticos, ETSI Sistemas Informáticos, Universidad Politécnica de Madrid, Spain; University of Eastern Finland, School of Computing, Faculty of Science and Forestry, Finland"
2022-vartiainen-mapping-students-temporal-pathways-computational,2022,Mapping students' temporal pathways in a computational thinking escape room,Finland,"University of Eastern Finland, School of Applied Educational Science and Teacher Education, Joensuu, Finland; University of Eastern Finland, School of Computing, Joensuu, Finland"
2022-viberg-exploring-students-expectations-learning-analytics,2022,Exploring students’ expectations of learning analytics: A person-centered approach,Sweden; Finland,"Department of Media Technology and Interaction Design, KTH Royal Institute of Technology, Lindstedsvägen 3, Stockholm, 10044, Sweden; School of Computing, University of Eastern Finland, Joensuu, Finland; Department of Learning in Engineering Sciences, KTH Royal Institute of Technology, Oscars Backe 31, Stockholm, 10044, Sweden"
2023-agbo-computing-education-research-global-south,2023,Computing Education Research in the Global South,Finland; United States; Namibia,"University of Eastern Finland, Joensuu, Finland; Willamette University, Salem, OR, United States; University of Namibia, Windhoek, Namibia; University of Turku, Turku, Finland"
2023-apiola-evolving-themes-computing-education-research,2023,"The Evolving Themes of Computing Education Research: Trends, Topic Models, and Emerging Research",Finland,"University of Eastern Finland, Joensuu, Finland"
2023-apiola-exploring-past-present-future-computing,2023,"Exploring the Past, Present and Future of Computing Education Research: An Introduction",Finland; Sweden,"University of Eastern Finland, Joensuu, Finland; Aalto University, Espoo, Finland; Uppsala University, Uppsala, Sweden"
2023-apiola-hands-made-computing-education-research,2023,"The Hands that Made Computing Education Research: Top Authors, Networks, Collaboration and Newcomers",Finland,"University of Eastern Finland, Joensuu, Finland"
2023-apiola-past-present-future-computing-education,2023,"Past, Present and Future of Computing Education Research",Finland,"University of Eastern Finland, Joensuu, Finland"
2023-apiola-preface,2023,Preface,Finland,"University of Eastern Finland, Joensuu, Finland"
2023-apiola-venues-shaped-computing-education-research,2023,The Venues that Shaped Computing Education Research: Dissemination Under the Lens,Finland,"University of Eastern Finland, Joensuu, Finland"
2023-becker-computing-education-research-amp-ireland,2023,Computing Education Research in the UK &amp; Ireland,Ireland; United Kingdom; Finland,"University College Dublin, Dublin, Ireland; Durham University, Durham, United Kingdom; University of Glasgow, Glasgow, United Kingdom; Ulster University, Coleraine, Ireland; Swansea University, Swansea, Wales, United Kingdom; University of Eastern Finland, Joensuu, Finland; Raspberry Pi Computing Education Research Centre, University of Cambridge, Cambridge, United Kingdom; TU Dublin, Dublin, Ireland"
2023-conde-definition-learning-analytics-ecosystem-ileda,2023,Definition of a Learning Analytics Ecosystem for the ILEDA Project Piloting,Spain; Bulgaria; Finland; Serbia,"Robotics Research Group, Engineering School, University of León, León, 24071, Spain; Faculty of Mathematics and Informatics, Sofia University, Sofia, Bulgaria; School of Computing, University of Eastern Finland, Joensuu Campus, Joensuu, Finland; Faculty of Information Technology, Belgrade Metropolitan University, Tadeuša Košćuška 63, Belgrade, 11000, Serbia"
2023-conde-multi-stakeholder-perspective-gap-between,2023,Multi-stakeholder Perspective on the Gap Between Existing Realities and New Requirements for Online and Blended Learning: An Exploratory Study,Spain; Finland; Bulgaria; Serbia,"Department of Mechanics, Computer Science and Aerospace Engineering, Robotics Group, Universidad de León, León, Spain; School of Computing, University of Eastern Finland, Joensuu Campus, Joensuu, Finland; Faculty of Mathematics and Informatics, Sofia University St. Kliment Ohridski, Sofia, Bulgaria; Scientific Research Centre, Sofia University St. Kliment Ohridski, Sofia, Bulgaria; Faculty of Information Technology, Belgrade Metropolitan University, Belgrade, Serbia"
2023-dagiene-computing-education-research-schools,2023,Computing Education Research in Schools,Lithuania; Turkey; Netherlands; Finland,"Vilnius University, Vilnius, Lithuania; Ankara University, Ankara, Turkey; University of Groningen, Groningen, Netherlands; University of Eastern Finland, Joensuu, Finland"
2023-deriba-exploring-barriers-challenges-accessibility-virtual,2023,Exploring Barriers and Challenges to Accessibility in Virtual Laboratories: A Preliminary Review,Finland,"The University of Eastern Finland, School of Computing, Yliopistonkatu 2, Joensuu, 80100, Finland"
2023-elmoazen-learning-analytics-virtual-laboratories-systematic,2023,Learning analytics in virtual laboratories: a systematic literature review of empirical research,Finland; Norway,"School of Computing, University of Eastern Finland, Yliopistokatu 2, Joensuu, 80100, Finland; Centre for the Science of Learning and Technology (SLATE), University of Bergen, Bergen, Norway"
2023-elmoazen-reflections-technology-enhanced-learning-laboratories,2023,Reflections on Technology-enhanced Learning in Laboratories: Barriers and Opportunities,Finland; Norway,"School of Computing, University of Eastern Finland, Yliopistokatu 2, Joensuu, 80100, Finland; Centre for the Science of Learning & Technology (SLATE), University of Bergen, Norway"
2023-heikkinen-supporting-self-regulated-learning-learning,2023,Supporting self-regulated learning with learning analytics interventions – a systematic literature review,Finland,"School of Computing, The University of Eastern Finland, Yliopistonkatu 2, Joensuu, 80100, Finland; LAB University of Applied Sciences, Mukkulankatu 19, Lahti, 15210, Finland; Department of Educational Sciences and Teacher Education, The University of Oulu, P.O Box 2000, Oulu, 90014, Finland"
2023-hrastinski-examining-development-students-cognitive-presence,2023,Examining the Development of K-12 Students' Cognitive Presence Over Time,Sweden; Finland,"KTH Royal Institute of Technology, Sweden; University of Eastern Finland, Finland"
2023-kleimola-learning-analytics-explore-motivational-profiles,2023,Learning analytics to explore the motivational profiles of non-traditional practical nurse students: a mixed-methods approach,Finland,"School of Applied Educational Science and Teacher Education, University of Eastern Finland, Joensuu, Finland; Faculty of Education, University of Lapland, Rovaniemi, Finland; School of Computing, University of Eastern Finland, Joensuu, Finland; School of Educational Sciences and Psychology, University of Eastern Finland, Joensuu, Finland"
2023-lopezpernas-learning-analytics-perspective-educational-escape,2023,A learning analytics perspective on educational escape rooms,Spain; Finland,"Departamento de Sistemas Informáticos, ETSI Sistemas Informáticos, Universidad Politécnica de Madrid, Madrid, Spain; School of Computing, University of Eastern Finland, Joensuu, Finland; Departamento de Ingeniería de Sistemas Telemáticos, ETSI Telecomunicación, Universidad Politécnica de Madrid, Madrid, Spain"
2023-lopezpernas-scientometric-perspective-evolution-sigcse-technical,2023,A Scientometric Perspective on the Evolution of the SIGCSE Technical Symposium: 1970–2021,Finland; Sweden,"University of Eastern Finland, Joensuu, Finland; KTH Royal Institute of Technology, Stockholm, Sweden"
2023-lopezpernas-scientometrics-concise-introduction-detailed-methodology,2023,Scientometrics: A Concise Introduction and a Detailed Methodology for Mapping the Scientific Field of Computing Education Research,Finland,"University of Eastern Finland, Joensuu, Finland"
2023-lopezpernas-variables-states-trajectories-vasstra-method,2023,From Variables to States to Trajectories (VaSSTra): A Method for Modelling the Longitudinal Dynamics of Learning and Behaviour,Finland; Spain,"University of Eastern Finland, Joensuu, Finland; Universidad Politécnica de Madrid, Madrid, Spain"
2023-mairinoja-international-online-team-based-learning,2023,International Online Team-Based Learning in Higher Education of Biomedicine - Evaluation by Learning Analytics,Finland,"University of Turku, Institute of Biomedicine, Kiinamyllynkatu 10, Turku, 20500, Finland; University of Eastern Finland, School of Computing, Yliopistokatu 2, Joensuu, 80100, Finland; University of Eastern Finland, Institute of Biomedicine, Yliopistonranta 1E, Kuopio, 70210, Finland"
2023-saqr-capturing-impact-chatter-around-computing,2023,"Capturing the Impact and the Chatter Around Computing Education Research Beyond Academia in Social Media, Patents, and Blogs",Finland,"University of Eastern Finland, Joensuu, Finland"
2023-saqr-critical-challenges-artificial-intelligence-education,2023,The Critical Challenges of Artificial Intelligence in Education,Finland; Spain; Serbia,"University of Eastern Finland, School of Computing, Yliopistokatu 2, Joensuu, 80100, Finland; University of León, Escuela de Ingenierías, Campus de Vegazana S/N, León, 24071, Spain; Universidad de Salamanca, Escuela Politécnica Superior de Zamora, Av. de Requejo, 34, Zamora, 49029, Spain; Belgrade Metropolitan University, Faculty of Information Technology, Tadeuša Košćuška 63, Belgrade, 11000, Serbia"
2023-saqr-features-learning-analytics-students-want,2023,The Features Learning Analytics Students Want the Most: Help Them Learn Over All Else,Finland,"University of Eastern Finland, Yliopistokatu 2, Joensuu, 80100, Finland"
2023-saqr-intense-turbulent-wallowing-mire-longitudinal,2023,"Intense, turbulent, or wallowing in the mire: A longitudinal study of cross-course online tactics, strategies, and trajectories",Finland; Serbia; Australia,"School of Computing, University of Eastern Finland, Joensuu, Finland; Department of Software Engineering, University of Belgrade, Belgrade, Serbia; Faculty of Information Technology, Monash University, Clayton, Australia"
2023-saqr-longitudinal-association-between-engagement-achievement,2023,"The longitudinal association between engagement and achievement varies by time, students’ profiles, and achievement state: A full program study",Finland; Sweden,"University of Eastern Finland, School of Computing, Yliopistokatu 2, Joensuu, FI-80100, Finland; University of Turku, INVEST Research Flagship Center & Department of Social Research, Turun Yliopisto, Turku, FI-20014, Finland; KTH Royal Institute of Technology, Division of Digital Learning, Lindstedtsvägen 30, Stockholm, SE-100 44, Sweden"
2023-saqr-modelling-within-person-idiographic-variance,2023,Modelling within‐person idiographic variance could help explain and individualize learning,Finland,"School of Computing, University of Eastern Finland, Joensuu, Finland"
2023-saqr-temporal-dynamics-online-problem-based,2023,The temporal dynamics of online problem-based learning: Why and when sequence matters,Spain; Finland,"Departamento de Sistemas Informáticos, Universidad Politécnica de Madrid, ETSI Sistemas Informáticos, c/ Alan Turing s/n, Madrid, 28031, Spain; School of Computing, University of Eastern Finland, Joensuu Campus, Yliopistokatu 2, Joensuu, fi-80100, Finland"
2023-saqr-transferring-effective-learning-strategies-across,2023,Transferring effective learning strategies across learning contexts matters: A study in problem-based learning,Finland; Thailand; Malaysia; Serbia; Australia,"University of Eastern Finland, Finland; Prince of Songkla University, Thailand; Universiti Teknologi MARA, Malaysia; University of Belgrade, Serbia; Monash University, Australia"
2023-saqr-when-whom-changes-engagement-happen,2023,"When, how and for whom changes in engagement happen: A transition analysis of instructional variables",Finland; Netherlands,"University of Eastern Finland, School of Computing, Joensuu, Yliopistokatu 2, Joensuu, fi-80100, Finland; Tilburg University, School of Social and Behavioral Sciences, Department of Methodology and Statistics, Netherlands"
2023-tormanen-affective-states-regulation-learning-during,2023,Affective states and regulation of learning during <scp>socio‐emotional</scp> interactions in secondary school collaborative groups,Finland,"Faculty of Education, University of Oulu, Oulu, Finland; School of Computing, University of Eastern Finland, Joensuu, Finland"
2024-akcapinar-learning-analytics-dashboard-intervention-influences,2024,How a Learning Analytics Dashboard Intervention Influences the Dynamics of Students’ Learning Behavior,Turkey; Finland,"Hacettepe University, Ankara, 06050, Turkey; University of Eastern Finland, Joensuu, 80100, Finland; Middle East Technical University, Ankara, 06800, Turkey"
2024-albadarin-systematic-literature-review-empirical-research,2024,A systematic literature review of empirical research on ChatGPT in education,Finland,"School of Computing, University of Eastern Finland, Joensuu, 80100, Finland"
2024-amofilva-trends-communication-educational-assessment-educational,2024,"Trends on Communication, Educational Assessment, Educational Innovation, Identity, Smart Learning, and Doctoral Consortium at TEEM 2023",Spain; Peru; Portugal; Mexico; Finland,"La Salle-Universitat Ramon Llull, Barcelona, Spain; Pontifical Catholic University of Peru, Lima, Peru; University of León, León, Spain; Polytechnic University of Madrid, Madrid, Spain; Universidad de Salamanca, Salamanca, Spain; Universidad Politécnica de Madrid, Madrid, Spain; University of Alicante, Alicante, Spain; University of Porto, Porto, Portugal; University of Coimbra, Coimbra, Portugal; Tecnologico de Monterrey, Monterrey, Mexico; University of Eastern Finland, Joensuu, Finland; University of Zaragoza, Zaragoza, Spain"
2024-bobrowicz-prospects-field-learning-individual-differences,2024,Prospects in the field of learning and individual differences: Examining the past to forecast the future using bibliometrics,Luxembourg; Finland,"Department of Behavioural and Cognitive Sciences, University of Luxembourg, Luxembourg; University of Eastern Finland, Finland"
2024-conde-temporal-dynamics-procrastination-impact-academic,2024,The Temporal Dynamics of Procrastination and its Impact on Academic Performance: The Case of a Task-oriented Programming Course,Spain; Finland,"Universidad Politécnica de Madrid, Madrid, Spain; University of Eastern Finland, Joensuu, Finland"
2024-deriba-assessment-accessibility-virtual-laboratories-systematic,2024,Assessment of accessibility in virtual laboratories: a systematic review,Finland,"School of Computing, University of Eastern Finland, Joensuu, Finland"
2024-elmoazen-capturing-sequential-pattern-students-interactions,2024,Capturing the Sequential Pattern of Students’ Interactions in Computer-Supported Collaborative Learning,Finland,"University of Eastern Finland, Yliopistokatu 2, Joensuu, 80100, Finland"
2024-heikkinen-sequence-analysis-process-mining-perspectives,2024,Sequence analysis and process mining perspectives to goal setting: What distinguishes business students with high and low self-efficacy beliefs?,Finland; Netherlands,"Faculty of Science and Forestry, School of Computing, University of Eastern Finland, Joensuu, Finland; LAB University of Applied Sciences, Mukkulankatu 19, Lahti, 15210, Finland; Human-Technology Interaction Group, Department of Industrial Engineering and Innovation Sciences, Eindhoven University of Technology, Eindhoven, Netherlands; Department of Educational Sciences and Teacher Education, University of Oulu, Oulu, Finland; Human Performance Management Group, Department of Industrial Engineering and Innovation Sciences, Eindhoven University of Technology, Eindhoven, Netherlands"
2024-helske-modern-approach-transition-analysis-process,2024,A Modern Approach to Transition Analysis and Process Mining with Markov Models in Education,Finland; Ireland,"Department of Mathematics and Statistics, University of Jyväskylä, Jyväskylän, Finland; INVEST Research Flagship Centre, University of Turku, Turku, Finland; Department of Social Research, University of Turku, Turku, Finland; School of Computing, University of Eastern Finland, Joensuu, Finland; Department of Mathematics and Statistics, Hamilton Institute, Maynooth University, Maynooth, Ireland"
2024-hernandezgarcia-community-detection-learning-networks-using,2024,Community Detection in Learning Networks Using R,Spain; Denmark; Finland,"Universidad Politécnica de Madrid, Madrid, Spain; University of Copenhagen, Copenhagen, Denmark; School of Computing, University of Eastern Finland, Joensuu, Finland; Robotics Research Group, Engineering School, University of León, León, Spain"
2024-huhta-mapping-topics-trends-themes-education,2024,"Mapping the Topics, Trends, and Themes of Education Technology in Legal Education with Topic Modeling and Network Analysis",Finland,"Law School, University of Eastern Finland, Joensuu, 80100, Finland; School of Computing, University of Eastern Finland, Joensuu, 80100, Finland"
2024-ito-scoping-review-idiographic-research-education,2024,"A Scoping Review of Idiographic Research in Education: Too Little, But Not Too Late",Finland,"Department of Physics, University of Helsinki, Helsinki, Finland; School of Computing, University of Eastern Finland, Joensuu, Finland"
2024-jongerling-structural-equation-modeling-education-scientists,2024,Structural Equation Modeling with R for Education Scientists,Netherlands; Finland,"Tilburg University, Tilburg, Netherlands; School of Computing, University of Eastern Finland, Joensuu, Finland"
2024-jovanovic-predictive-modelling-learning-analytics-machine,2024,Predictive Modelling in Learning Analytics: A Machine Learning Approach in R,Serbia; Finland,"University of Belgrade, Belgrade, Serbia; School of Computing, University of Eastern Finland, Joensuu, Finland"
2024-kaliisa-learning-analytics-dashboards-lived-hype,2024,"Have Learning Analytics Dashboards Lived Up to the Hype? A Systematic Review of Impact on Students' Achievement, Motivation, Participation and Attitude",Norway; Finland,"Department of Education, University of Oslo, Norway; Centre for the Science of Learning and Technology (SLATE), University of Bergen, Norway; School of Computing, University of Eastern Finland, Finland"
2024-kilanioti-editorial-diversity-social-sciences-researching,2024,Editorial: Diversity in the social sciences: researching digital education in and for the global south,Greece; Finland; Spain,"School of Electrical and Computer Engineering, National Technical University of Athens, Athens, Greece; School of Computing, University of Eastern Finland, Joensuu, Finland; Department of Specific Didactics, University of Burgos, Burgos, Spain"
2024-kisic-large-language-models-higher-education,2024,"Large Language Models in Higher Education - Perspectives, Opportunities and Limitations",Serbia; Finland; Spain,"Belgrade Metropolitan University, Faculty of Information Technology, Tadeuša Košćuška 63, Belgrade, 11000, Serbia; University of Eastern Finland, School of Computing, Yliopistokatu 2, Joensuu, 80100, Finland; Universidad de Salamanca, Escuela Politécnica Superior de Zamora, Av. de Requejo, 34, Zamora, 49029, Spain"
2024-kopra-approach-data-cleaning-wrangling-education,2024,An R Approach to Data Cleaning and Wrangling for Education Research,Finland,"School of Computing, University of Eastern Finland, Kuopio, Finland; Department of Mathematics and Statistics, University of Jyväskylä, Finland; Institute of Biomedicine, University of Eastern Finland, Kuopio, Finland"
2024-lopezpernas-augmenting-curated-learning-analytics-literature,2024,Augmenting AI with Curated Learning Analytics Literature: Building and Initial Exploration of a Local RAG for Supporting Teachers (LARAG),Finland; France,"University of Eastern Finland, Yliopistokatu 2, Joensuu, 80100, Finland; Université de Technologie de Compiègne, R. du docteur Schweitzer CS 60319, Compiègne, 60203 Cedex, France"
2024-lopezpernas-broad-collection-datasets-educational-research,2024,A Broad Collection of Datasets for Educational Research Training and Application,Finland; Spain,"School of Computing, University of Eastern Finland, Joensuu, Finland; Universidad Politécnica de Madrid, Madrid, Spain"
2024-lopezpernas-capturing-wealth-diversity-learning-processes,2024,Capturing the Wealth and Diversity of Learning Processes with Learning Analytics Methods,Finland; Norway; Spain,"School of Computing, University of Eastern Finland, Joensuu, Finland; Centre for the Science of Learning & Technology (SLATE), University of Bergen, Bergen, Norway; Department of Education, University of Oslo, Oslo, Norway; Robotics Research Group, Engineering School, University of León, León, Spain"
2024-lopezpernas-dynamics-engagement-explain-momentum-achievement,2024,How the dynamics of engagement explain the momentum of achievement and the inertia of disengagement: A complex systems theory approach,Finland,"School of Computing, University of Eastern Finland, Joensuu, 80100, Finland"
2024-lopezpernas-dynamics-students-playing-profiles-programming,2024,The Dynamics of Students’ Playing Profiles in a Programming Educational Escape Room,Finland; Spain,"University of Eastern Finland, Joensuu, 80100, Finland; Universidad Politécnica de Madrid, Madrid, 28040, Spain"
2024-lopezpernas-modeling-dynamics-longitudinal-processes-education,2024,Modeling the Dynamics of Longitudinal Processes in Education. A Tutorial with R for the VaSSTra Method,Finland,"School of Computing, University of Eastern Finland, Joensuu, Finland"
2024-lopezpernas-multi-channel-sequence-analysis-educational,2024,Multi-Channel Sequence Analysis in Educational Research: An Introduction and Tutorial with R,Finland; Ireland,"School of Computing, University of Eastern Finland, Joensuu, Finland; INVEST Research Flagship Center & Department of Social Research, University of Turku, Turku, Finland; Department of Mathematics and Statistics, Hamilton Institute, Maynooth University, Maynooth, Ireland"
2024-lopezpernas-tracking-students-progress-educational-escape,2024,Tracking Students’ Progress in Educational Escape Rooms Through a Sequence Analysis Inspired Dashboard,Finland; Spain,"University of Eastern Finland, Joensuu, 80100, Finland; Universidad Politécnica de Madrid, Madrid, 28040, Spain"
2024-lopezpernas-visualizing-reporting-educational-data,2024,Visualizing and Reporting Educational Data with R,Finland; Norway,"School of Computing, University of Eastern Finland, Joensuu, Finland; Centre for the Science of Learning & Technology (SLATE), University of Bergen, Bergen, Norway; Department of Mathematics and Statistics, University of Jyväskylä, Jyväskylä, Finland; Institute of Biomedicine, University of Eastern Finland, Kuopio, Finland"
2024-lopezpernas-why-when-educational-process-mining,2024,"The Why, the How and the When of Educational Process Mining in R",Finland,"School of Computing, University of Eastern Finland, Joensuu, Finland"
2024-mertala-digital-natives-scientific-literature-topic,2024,Digital natives in the scientific literature: A topic modeling approach,Finland,"University of Jyväskylä, Faculty of Education and Psychology, Jyväskylän Yliopisto, PL 35, Jyväskylä, 40014, Finland; School of Computing, University of Eastern Finland, Joensuu, 80100, Finland; School of Applied Educational Science and Teacher Education, University of Eastern Finland, Joensuu, 80100, Finland"
2024-murphy-dissimilarity-based-cluster-analysis-educational,2024,Dissimilarity-Based Cluster Analysis of Educational Data: A Comparative Tutorial Using R,Ireland; Finland,"Department of Mathematics and Statistics, Hamilton Institute, Maynooth University, Maynooth, Ireland; School of Computing, University of Eastern Finland, Joensuu, Finland"
2024-mustafa-systematic-review-literature-reviews-artificial,2024,A systematic review of literature reviews on artificial intelligence in education (AIED): a roadmap to a future research agenda,China; Greece; Cyprus; Croatia; United States; Palestine; India; Finland,"Chengdu University of Technology, Sichuan, Chengdu, China; Smart Learning Institute of Beijing Normal University, Beijing, China; Department of Applied Informatics, University of Macedonia, Thessaloniki, Greece; Department of Education, University of Nicosia, Nicosia, Cyprus; Zagreb University of Applied Sciences, Zagreb, Croatia; Stanford University, Stanford, CA, United States; Department of Education, An-Najah National University, Nablus, Palestine; Indira Gandhi National Open University, New Delhi, India; College of Information, University of North Texas, Denton, TX, United States; University of Eastern Finland, Kuopio, Finland"
2024-rai-more-data-always-better-data,2024,More Data is not Always Better Data: An Exploratory Learning Analytics Study in Early Prediction,Finland,"University of Eastern Finland, Joensuu, Finland"
2024-saqr-capturing-where-learning-process-takes,2024,Capturing where the learning process takes place: A person-specific and person-centered primer,Finland; Netherlands,"University of Eastern Finland, School of Computing, Joensuu, Yliopistokatu 2, Joensuu, fi-80100, Finland; Tilburg University, School of Social and Behavioral Sciences, Department of Methodology, Netherlands"
2024-saqr-group-level-analysis-engagement-poorly,2024,Group-level analysis of engagement poorly reflects individual students’ processes: Why we need idiographic learning analytics,Finland,"University of Eastern Finland, School of Computing, Joensuu campus, P.O. Box 111, Yliopistokatu 2, Joensuu, Joensuu, fi-80100, Finland"
2024-saqr-group-structure-members-interactions-teacher,2024,"How group structure, members' interactions and teacher facilitation explain the emergence of roles in collaborative learning",Finland; Ireland,"University of Eastern Finland, School of Computing, Joensuu Campus, Yliopistokatu 2, Joensuu, fi-80100, Finland; Maynooth University, Hamilton Institute and Department of Mathematics and Statistics, Co. Kildare, Maynooth, Ireland"
2024-saqr-idiographic-artificial-intelligence-explain-students,2024,Idiographic artificial intelligence to explain students' self-regulation: Toward precision education,Finland; United States,"University of Eastern Finland, School of Computing, Joensuu, Yliopistokatu 2, Joensuu, fi-80100, Finland; University of California, Davis, Psychology Department, United States"
2024-saqr-learning-analytics-methods-tutorials,2024,Learning Analytics Methods and Tutorials,Finland,"School of Computing, University of Eastern Finland, Joensuu, Finland"
2024-saqr-mapping-self-self-regulation-using,2024,Mapping the self in self‐regulation using complex dynamic systems approach,Finland,"School of Computing, University of Eastern Finland, Joensuu, Finland"
2024-saqr-momentary-emotions-emerge-evolve-differently,2024,"Momentary emotions emerge and evolve differently, yet are surprisingly stable within students",Finland,"School of Computing, University of Eastern Finland, Joensuu, Finland"
2024-saqr-multimethod-synthesis-covid-education-research,2024,A multimethod synthesis of Covid-19 education research: the tightrope between covidization and meaningfulness,Finland; Serbia; Bulgaria; Spain,"School of Computing, University of Eastern Finland, Joensuu Campus, Yliopistokatu 2, Joensuu, 80100, Finland; Faculty of Information Technology, Belgrade Metropolitan University, Tadeuša Košćuška 63, Belgrade, 11000, Serbia; Sofia University, Sofia, Bulgaria; Department of Information Technologies, Faculty of Mathematics and Informatics, Sofia University St. Kliment Ohridski, Sofia, Bulgaria; Department of Mechanics, Computer Science and Aerospace Engineering, Robotics Group, Universidad de León, Campus de Vegazana S/N, León, 24071, Spain"
2024-saqr-preface,2024,Preface,Finland,"School of Computing, University of Eastern Finland, Joensuu, Finland"
2024-saqr-psychological-networks-modern-approach-analysis,2024,Psychological Networks: A Modern Approach to Analysis of Learning and Complex Learning Processes,Finland; United States,"School of Computing, University of Eastern Finland, Joensuu, Finland; UC Davis, Davis, CA, United States"
2024-saqr-sequence-analysis-education-principles-technique,2024,"Sequence Analysis in Education: Principles, Technique, and Tutorial with R",Finland; Ireland; Switzerland,"School of Computing, University of Eastern Finland, Joensuu, Finland; INVEST Research Flagship Center & Department of Social Research, University of Turku, Turku, Finland; Department of Mathematics and Statistics, Hamilton Institute, Maynooth University, Maynooth, Ireland; Institute of Demography and Socioeconomics & Centre LIVES, University of Geneva, Geneva, Switzerland"
2024-saqr-social-network-analysis-primer-guide,2024,"Social Network Analysis: A Primer, a Guide and a Tutorial in R",Finland; Spain,"School of Computing, University of Eastern Finland, Joensuu, Finland; Robotics Research Group, Engineering School, University of León, León, Spain; Universidad Politécnica de Madrid, Madrid, Spain"
2024-saqr-temporal-network-analysis-introduction-methods,2024,"Temporal Network Analysis: Introduction, Methods and Analysis with R",Finland,"School of Computing, University of Eastern Finland, Joensuu, Finland"
2024-saqr-why-educational-research-needs-complex,2024,"Why Educational Research Needs a Complex System Revolution that Embraces Individual Differences, Heterogeneity, and Uncertainty",Finland; Belgium,"School of Computing, University of Eastern Finland, Joensuu, Finland; KU Leuven, Leuven, Belgium"
2024-saqr-why-explainable-may-enough-predictions,2024,Why explainable AI may not be enough: predictions and mispredictions in decision making in education,Finland,"School of Computing, University of Eastern Finland, Joensuu Campus Yliopistokatu 2, Joensuu, FI-80100, Finland"
2024-saqr-why-learning-teaching-learning-analytics,2024,Why Learning and Teaching Learning Analytics is Hard: An Experience from a Real-Life LA Course Using LA Methods,Finland,"University of Eastern Finland, Joensuu, 80100, Finland"
2024-schobel-charting-evolution-future-conversational-agents,2024,Charting the Evolution and Future of Conversational Agents: A Research Agenda Along Five Waves and New Frontiers,Germany; Switzerland; Finland,"Information Systems, University of Osnabrück, Osnabrück, Germany; Institute of Information Management (IWI-HSG), University of St. Gallen, St. Gallen, Switzerland; Information Systems, Research Center for IS Design (ITeG), University of Kassel, Kassel, Germany; School of Computing, University of Eastern Finland, Joensuu, Finland"
2024-scrucca-introduction-tutorial-model-based-clustering,2024,An Introduction and R Tutorial to Model-Based Clustering in Education via Latent Profile Analysis,Italy; Finland; Ireland,"Università degli Studi di Perugia, Perugia, Italy; School of Computing, University of Eastern Finland, Joensuu, Finland; Department of Mathematics and Statistics, Hamilton Institute, Maynooth University, Maynooth, Ireland"
2024-sointu-creatively-opening-constraints-learning-analytics,2024,"Creatively Opening the Constraints of Learning Analytics in Inclusive, Elementary School-Level STEAM Education",Finland,University of Eastern Finland
2024-tikka-getting-started-education-research,2024,Getting Started with R for Education Research,Finland,"Department of Mathematics and Statistics, University of Jyväskylä, Jyväskylä, Finland; School of Computing, University of Eastern Finland, Joensuu, Finland; Institute of Biomedicine, University of Eastern Finland, Kuopio, Finland"
2024-tikka-introductory-statistics-educational-researchers,2024,Introductory Statistics with R for Educational Researchers,Finland,"Department of Mathematics and Statistics, University of Jyväskylä, Jyväskylä, Finland; School of Computing, University of Eastern Finland, Joensuu, Finland; Institute of Biomedicine, University of Eastern Finland, Kuopio, Finland"
2024-vogelsmeier-factor-analysis-education-research-using,2024,Factor Analysis in Education Research Using R,Netherlands; Finland,"Tilburg University, Tilburg, Netherlands; School of Computing, University of Eastern Finland, Joensuu, Finland"
2025-ahmed-user-centric-evaluation-genai-alignment,2025,User-centric Evaluation of GenAI Alignment and Recommendations based on Predictive Learning Analytics,Finland; Turkey,"University of Eastern Finland, Yliopistokatu 2, Joensuu, 80100, Finland; Distance Education Application and Research Center, Inonu University, Malatya, Turkey"
2025-cristea-dynamics-self-regulated-learning-effectiveness,2025,Dynamics of self-regulated learning: The effectiveness of students’ strategies across course periods,Netherlands; Finland,"Eindhoven University of Technology, Eindhoven, Netherlands; University of Eastern Finland, Joensuu, Finland; LAB University of Applied Sciences, Lahti, Finland"
2025-deriba-exploring-role-enhancing-accessibility-user,2025,Exploring the Role of AI in Enhancing Accessibility in User Interface Design: A Qualitative Study of Student Experiences,Finland,"School of Computing, University of Eastern Finland, Joensuu, Yliopistokatu 2, Joensuu, fi-80100, Finland"
2025-elmoazen-capturing-temporal-pathways-collaborative-roles,2025,Capturing temporal pathways of collaborative roles: A multilayered analytical approach using community of inquiry,Finland,"School of Computing, University of Eastern Finland, Yliopistokatu 2, Joensuu, 80100, Finland; School of Applied Educational Science and Teacher Education, University of Eastern Finland, Yliopistonkatu 2, Joensuu, 80100, Finland"
2025-heikkinen-interplay-engagement-learning-regulation-online,2025,The Interplay of Engagement and Learning Regulation in Online Learning,Finland,"School of Computing, The University of Eastern Finland, Yliopistonkatu 2, Joensuu, 80100, Finland; LAB University of Applied Sciences, Mukkulankatu 19, Lahti, 15210, Finland; Department of Educational Sciences and Teacher Education, The University of Oulu, P.O Box 2000, Oulu, 90014, Finland"
2025-heikkinen-longitudinal-study-interplay-between-student,2025,A longitudinal study of interplay between student engagement and self-regulation,Finland,"School of Computing, The University of Eastern Finland, Yliopistonkatu 2, Joensuu, 80100, Finland; LAB University of Applied Sciences, Mukkulankatu 19, Lahti, 15210, Finland; Department of Educational Sciences and Teacher Education, The University of Oulu, P.O Box 2000, Oulu, 90014, Finland"
2025-kahila-typology-metagamers-identifying-player-types,2025,A Typology of Metagamers: Identifying Player Types Based on Beyond the Game Activities,Finland,"University of Eastern Finland, Joensuu, Finland"
2025-kaliisa-topical-review-research-computer-supported,2025,A Topical Review of Research in Computer-Supported Collaborative Learning: Questions and Possibilities,Norway; Finland,"Department of Education, University of Oslo, Oslo, Norway; School of Computing, University of Eastern Finland, Finland; Center for Science of Learning & Technology, University of Bergen, Norway; Faculty of Education & Psychology, University of Oulu, Finland"
2025-lopezpernas-capturing-process-students-interactions-when,2025,Capturing the Process of Students' AI Interactions When Creating and Learning Complex Network Structures,Finland; Germany; Norway,"University of Eastern Finland, Joensuu, 80110, Finland; FernUniversität, Hagen, 58097, Germany; University of Oslo, Oslo, 0313, Norway"
2025-lopezpernas-chatgptscraper-tool-retrieving-student-interactions,2025,chatgptscrapeR: A Tool for Retrieving Student-AI Interactions,Finland; Norway; Serbia; Spain,"School of Computing, University of Eastern Finland, Joensuu, Finland; Slate, University of Bergen, Bergen, Norway; School of Computing, Union University, Belgrade, Serbia; Escuela Politécnica Superior de Zamora, Universidad de Salamanca, Zamora, Spain"
2025-lopezpernas-dynamics-self-regulation-process-student,2025,The dynamics of the self-regulation process in student-AI interactions,Finland; Germany; Australia,"School of Computing, University of Eastern Finland, Joensuu, Finland; Catalpa, University of Hagen, Hagen, Germany; School of Computing and Information Systems, University of Melbourne, Melbourne, Australia"
2025-lopezpernas-frequencies-averages-miss-point-srl,2025,Frequencies and Averages Miss the Point of SRL Evolution: A Complex Dynamic Systems Approach,Finland; Spain; Serbia,"University of Eastern Finland, Joensuu, Finland; University of León, León, Spain; Union University, School of Computing, Belgrade, Serbia"
2025-lopezpernas-mapping-computer-engineering-education-research,2025,Mapping Computer Engineering Education Research: A Topic Analysis,Finland; Spain,"University of Eastern Finland, Joensuu, 80100, Finland; University of León, Computer Science and Artificial Intelligence Department, León, 24004, Spain"
2025-lopezpernas-three-shades-self-regulation-unique,2025,"Three shades of self‐regulation with unique complex dynamics, drivers and targets for intervention",Finland; Spain,"School of Computing, University of Eastern Finland, Joensuu, Finland; Departamento de Informática y Automática, Escuela Politécnica Superior de Zamora, Grupo GRIAL, Universidad de Salamanca, Zamora, Spain"
2025-misiejuk-learning-together-modeling-process-student,2025,Learning Together: Modeling the Process of Student-AI Interactions When Generating Learning Resources,Norway; Finland,"Centre for the Science of Learning & Technology (SLATE), University of Bergen, Bergen, Norway; School of Computing, University of Eastern Finland, Joensuu, Finland; Department of Education, University of Oslo, Oslo, Norway"
2025-misiejuk-mapping-landscape-generative-artificial-intelligence,2025,Mapping the Landscape of Generative Artificial Intelligence in Learning Analytics,Germany; Finland; Norway,"Center of Advanced Technology for Assisted Learning and Predictive Analytics (CATALPA), FernUniversität in Hagen, Universitätsstrasse 27, Hagen, 58097, Germany; School of Computing, University of Eastern Finland, Joensuu Campus, Yliopistokatu 2, Joensuu, FI-80100, Finland; Department of Education, the University of Oslo, Post Box 1092, Blindern, Oslo, 0317, Norway"
2025-pope-xai-social-media-platform-teaching,2025,"An XAI Social Media Platform for Teaching K-12 Students AI-Driven Profiling, Clustering, and Engagement-Based Recommending",Finland,"University of Eastern Finland, School of Computing, Joensuu, Finland; University of Eastern Finland, Applied Educational Science and Teacher Education, Finland; University of Helsinki, Department of Computer Science, Helsinki, Finland; University of Oulu, Faculty of Educational Sciences and Psychology, Oulu, Finland"
2025-saqr-changes-online-engagement-within-person,2025,"Changes in online engagement at the within-person level, profiles, dynamics and association with achievement",Finland,"University of Eastern Finland, School of Computing, Joensuu, Yliopistokatu 2, Joensuu, fi-80100, Finland"
2025-saqr-preface,2025,Preface,Finland,"University of Eastern Finland, Joensuu, Finland"
2025-saqr-transition-network-analysis-novel-framework,2025,"Transition Network Analysis: A Novel Framework for Modeling, Visualizing, and Identifying the Temporal Patterns of Learners and Learning Processes",Finland; Norway; Germany,"University of Eastern Finland, Joensuu, Finland; University of Oulu, Oulu, Finland; University of Oslo, Oslo, Norway; Centre for the Science of Learning and Technology (SLATE), University of Bergen, Bergen, Norway; Center of Advanced Technology for Assisted Learning and Predictive Analytics (CATALPA), FernUniversität in Hagen, Hagen, Germany; University of Jyväskylä, Jyväskylä, Finland"
2025-tikka-tna-package-transition-network-analysis,2025,tna: An R Package for Transition Network Analysis,Finland,"University of Jyväskylä, Jyväskylä, Finland; University of Eastern Finland, Joensuu, Finland"
2025-tormanen-emotional-dynamics-regulation-collaborative-learning,2025,Emotional dynamics and regulation in collaborative learning,Finland,"Learning and Educational Technology Research Lab (LET Lab), Faculty of Education and Psychology, University of Oulu, P.O.Box 8000, Oulu, FI-90014, Finland; University of Eastern Finland, School of Computing, P.O. Box 111, Joensuu, FI-80101, Finland"
2025-valtonen-elementary-secondary-school-teachers-perceptions,2025,Elementary and Secondary School Teachers’ Perceptions of Learning Analytics: A Qualitative Approach,Finland,"Faculty of Philosophy, School of Applied Educational Science and Teacher Education, University of Eastern Finland, Joensuu, Finland; Facuty of Science, Forestry and Technology, School of Computing, University of Eastern Finland, Joensuu, Finland"
2025-vdevogelsmeier-delving-into-psychology-machines-exploring,2025,Delving into the psychology of Machines: Exploring the structure of self-regulated learning via LLM-generated survey responses,Netherlands; Australia; Germany; Finland,"Department of Methodology and Statistics, Tilburg University, Netherlands; School of Computing and Information Systems, University of Melbourne, Australia; Center of Advanced Technology for Assisted Learning and Predictive Analytics (CATALPA), FernUniversität in Hagen, Germany; University of Eastern Finland, School of Computing, Joensuu, Yliopistokatu 2, Joensuu, 80100, Finland"
2025-wu-unlocking-potential-artificial-intelligence-improving,2025,Unlocking the potential of artificial intelligence in improving learning achievement in blended learning: a meta-analysis,Macao; China; Palestine; Egypt; Finland,"Faculty of Education, City University of Macau, Taipa, Macao; Smart Learning Institute of Beijing Normal University, Beijing, China; An-Najah National University, Nablus, Palestine; Department of Educational Studies, American University in Cairo, New Cairo, Egypt; School of Computing, University of Eastern Finland, Kuopio, Finland"
2025-xiang-capturing-temporal-dynamics-learner-interactions,2025,Capturing The Temporal Dynamics of Learner Interactions In Moocs: A Comprehensive Approach With Longitudinal And Inferential Network Analysis,China; Finland,"Graduate School of Education, Peking University, Beijing, China; Faculty of Education, Beijing Normal University, Beijing, China; School of Computing, University of Eastern Finland, Joensuu, Finland; Faculty of Psychology, Beijing Normal University, Beijing, China"
2025-zahn-mapping-soft-skills-further-research,2025,Mapping soft skills and further research directions for higher education: a bibliometric approach with structural topic modelling,Germany; Finland,"Information Systems and Systems Engineering, Research Center for IS Design (ITeG), University of Kassel, Kassel, Germany; Information Systems, University of Osnabrück, Osnabrück, Germany; School of Computing, University of Eastern Finland, Joensuu, Finland"
2026-deriba-impact-genai-persist-learning-comparing,2026,Does the impact of GenAI persist in learning? comparing AI and instructor feedback on accessibility,Finland,"School of Computing, University of Eastern Finland, Yliopistonkatu 2, Joensuu, 80100, Finland"
2026-gao-complex-system-approach-decode-different,2026,"A complex system approach to decode different learning patterns in programming between majors: score, engagement, and problem-solving efficiency",China; Finland,"Northwest University, Xi’an, China; University of Eastern Finland, Joensuu, Finland"
2026-kaliisa-artificial-intelligence-compare-human-feedback,2026,"How does artificial intelligence compare to human feedback? A meta-analysis of performance, feedback perception, and learning dispositions",Norway; Finland,"Department of Education, University of Oslo, Oslo, Norway; Centre for the Science of Learning & Technology (SLATE), University of Bergen, Bergen, Norway; School of Computing, University of Eastern Finland, Joensuu, Finland"
2026-lopezpernas-explainable-evaluative-informed-data-driven,2026,"AI, Explainable AI and Evaluative AI: Informed Data-Driven Decision-Making in Education",Finland; Australia,"University of Eastern Finland, Joensuu, Finland; University of Melbourne, Parkville, VIC, Australia"
2026-lopezpernas-llms-explainable-artificial-intelligence-automating,2026,LLMs for Explainable Artificial Intelligence: Automating Natural Language Explanations of Predictive Analytics Models,Finland; Australia,"University of Eastern Finland, Joensuu, Finland; University of Melbourne, Parkville, VIC, Australia"
2026-lopezpernas-mining-patterns-clusters-transition-network,2026,Mining Patterns and Clusters with Transition Network Analysis: A Heterogeneity Approach,Finland,"University of Eastern Finland, Joensuu, Finland; University of Jyväskylä, Jyväskylä, Finland"
2026-lopezpernas-play-pedagogy-structured-topic-modeling,2026,From Play to Pedagogy: A Structured Topic Modeling Analysis of Escape Rooms Research,Finland; Spain,"University of Eastern Finland, Länsikatu 15, Joensuu, 80110, Finland; Universidad Internacional de la Rioja, Logroño, 26006, Spain; Universidad Politécnica de Madrid, Madrid, 28040, Spain"
2026-lopezpernas-three-levels-analysis-variable-centered,2026,"The Three Levels of Analysis: Variable-centered, Person-centered and Person-specific Analysis in Education",Finland; Netherlands,"University of Eastern Finland, Kuopio, Finland; Tilburg University, Tilburg, Netherlands"
2026-lopezpernas-unpacking-learning-age-bridging-complexity,2026,"Unpacking Learning in the Age of AI: Bridging AI, Complexity, and Precision Education",Finland; China; Japan,"University of Eastern Finland, Joensuu, Finland; LAB University of Applied Sciences, Lahti, Finland; Beijing Normal University, Beijing, China; Kumamoto University, Kumamoto, Japan"
2026-lopezpernas-using-bert-like-language-models,2026,Using BERT-like Language Models for Automated Discourse Coding: A Primer and Tutorial,Finland; Germany,"University of Eastern Finland, Joensuu, Finland; FernUniversität in Hagen, Hagen, Germany"
2026-malmi-topical-analysis-programming-education-research,2026,Topical Analysis of Programming Education Research Literature,Finland,Aalto University; University of Eastern Finland
2026-misiejuk-expanding-quantitative-ethnography-toolkit-transition,2026,Expanding the Quantitative Ethnography Toolkit with Transition Network Analysis: Exploring Methodological Synergies and Boundaries,Germany; Norway; Finland,"Center of Advanced Technology for Assisted Learning and Predictive Analytics (CATALPA), FernUniversität in Hagen, Hagen, Germany; Department of Education, University of Oslo, Oslo, Norway; School of Computing, University of Eastern Finland, Kuopio, Finland"
2026-oliveira-introduction-large-language-models-education,2026,An Introduction to Large Language Models in Education,Australia; Finland,"University of Melbourne, Parkville, VIC, Australia; University of Eastern Finland, Joensuu, Finland"
2026-saqr-advanced-learning-analytics-methods,2026,Advanced Learning Analytics Methods,Finland,"University of Eastern Finland, Joensuu, Finland"
2026-saqr-artificial-intelligence-using-machine-learning-2,2026,Artificial Intelligence: Using Machine Learning to Classify Students and Predict Low Achievers,Finland; Germany,"University of Eastern Finland, Joensuu, Finland; FernUniversität in Hagen, Hagen, Germany; University of Jyväskylä, Jyväskylä, Finland"
2026-saqr-artificial-intelligence-using-machine-learning,2026,Artificial Intelligence: Using Machine Learning to Predict Students’ Performance,Finland; Germany,"University of Eastern Finland, Joensuu, Finland; FernUniversität in Hagen, Hagen, Germany; University of Jyväskylä, Jyväskylä, Finland"
2026-saqr-automating-individualized-machine-learning-prediction,2026,Automating Individualized Machine Learning and AI Prediction Using AutoML: The Case of Idiographic Predictions,Finland; China,"University of Eastern Finland, Joensuu, Finland; Beijing Normal University, Beijing, China"
2026-saqr-capturing-breadth-dynamics-temporal-processes,2026,Capturing the Breadth and Dynamics of the Temporal Processes with Frequency Transition Network Analysis: A Primer and Tutorial,Finland,"University of Eastern Finland, Joensuu, Finland; University of Jyväskylä, Jyväskylä, Finland"
2026-saqr-complex-dynamic-systems-education-beyond,2026,"Complex Dynamic Systems in Education: Beyond the Static, the Linear and the Causal Reductionism",Finland; United States; France,"University of Eastern Finland, Joensuu, Finland; University of Florida, Gainesville, FL, United States; Université de Montpellier, Montpellier, France; University of Nevada, Reno, NV, United States; Temple University, Philadelphia, PA, United States"
2026-saqr-explainable-artificial-intelligence-education-tutorial,2026,Explainable Artificial Intelligence in Education: A Tutorial for Identifying the Variables that Matter,Finland,"University of Eastern Finland, Joensuu, Finland"
2026-saqr-idiographic-networks-tutorial-graphical-vector,2026,Idiographic Networks: A Tutorial on Graphical Vector Autoregression and Unified Structural Equation Modeling,Finland; United States,"University of Eastern Finland, Kuopio, Finland; University of Florida, Gainesville, FL, United States"
2026-saqr-individualized-analytics-within-person-idiographic,2026,Individualized Analytics: Within-Person and Idiographic Analysis,Finland,"University of Eastern Finland, Joensuu, Finland; University of Helsinki, Helsinki, Finland"
2026-saqr-individualized-explainable-artificial-intelligence-tutorial,2026,Individualized Explainable Artificial Intelligence: A Tutorial For Identifying Local and Individual Predictions,Finland,"University of Eastern Finland, Joensuu, Finland"
2026-saqr-mapping-relational-dynamics-transition-network,2026,Mapping Relational Dynamics with Transition Network Analysis: A Primer and Tutorial,Finland,"University of Eastern Finland, Joensuu, Finland; University of Jyväskylä, Jyväskylä, Finland"
